[
    {
    "Category": "Arts and Entertainment"
    },
    {
    "Category":"Piano Lesson"
    },
    {
    "Category": "Salsa dance"
    },
    {
    "Category":"Drawing class"
    },
    {
    "Category": "Business & Finance"
    },
    {
    "Category":"Accounting service"
    },
    {
    "Category": "Tax preparation"
    },
    {
    "Category":"Financial planning"
    },
    {
    "Category": "General services"
    },
    {
    "Category":"Home Cleaning"
    },
    {
    "Category":"Lawn mowing"
    },
    {
    "Category":"Baking"
    },
    {
    "Category": "Education & Tutors"
    },
    {
    "Category":"Math tutor"
    },
    {
    "Category": "Driving lessons"
    },
    {
    "Category":"ESL (English As Second Language)"
    },
    {
    "Category": "Trade & Maintenance"
    },
    {
    "Category": "Plumbing"
    },
    {
    "Category": "Sewing services"
    },
    {
    "Category": "Electrical services"
    },
    {
    "Category": "Trade & Transport & Moving"
    },
    {
    "Category": "Moving services"
    },
    {
    "Category": "Furniture Transport"
    },
    {
        "Category": "Towing service"
        },
        {
        "Category": "IT & Programming"
        },
        {
        "Category": "Website design"
        },
        {
        "Category": "Computer & Laptop repair"
        },
        {
            "Category": "Programming"
            },
            {
            "Category": "Craft"
            },
            {
            "Category": "Custom painting"
            },
            {
            "Category": "Ring resizing"
            },
            {
            "Category": "Embroidery services"
            },
            {
                "Category": "Sport & Fitness"
                },
                {
                "Category": "Personal training"
                },
                {
                "Category": "Nutrition consulting"
                },
                {
                "Category": "Skate training"
                },
                {
                    "Category": "Legals"
                    },
                    {
                    "Category": "Legal document preparation"
                    },
                    {
                    "Category": "Immigration consultant"
                    },
                    {
                    "Category": "Will & services"
                    }
]